#Classification	sample1_count	sample1_perc
x__cellular_organisms	425705	99.29
x__cellular_organisms|x__Bacteria	425696	99.29
x__cellular_organisms|x__Bacteria|k__Bacillati	424032	98.9
x__cellular_organisms|x__Bacteria|k__Bacillati|p__Bacillota	423932	98.88
x__cellular_organisms|x__Bacteria|k__Bacillati|p__Bacillota|c__Bacilli	423905	98.87
x__cellular_organisms|x__Bacteria|k__Bacillati|p__Bacillota|c__Bacilli|o__Lactobacillales	423527	98.78
x__cellular_organisms|x__Bacteria|k__Bacillati|p__Bacillota|c__Bacilli|o__Lactobacillales|f__Streptococcaceae	423399	98.75
x__cellular_organisms|x__Bacteria|k__Bacillati|p__Bacillota|c__Bacilli|o__Lactobacillales|f__Streptococcaceae|g__Streptococcus	423385	98.75
x__cellular_organisms|x__Bacteria|k__Bacillati|p__Bacillota|c__Bacilli|o__Lactobacillales|f__Streptococcaceae|g__Streptococcus|s__Streptococcus_pyogenes	349636	81.55
x__cellular_organisms|x__Bacteria|k__Bacillati|p__Bacillota|c__Bacilli|o__Lactobacillales|f__Streptococcaceae|g__Streptococcus|s__Streptococcus_pyogenes|x__Streptococcus_pyogenes_JRS4	101	0.02
x__cellular_organisms|x__Bacteria|k__Bacillati|p__Bacillota|c__Bacilli|o__Lactobacillales|f__Streptococcaceae|g__Streptococcus|s__Streptococcus_pyogenes|x__Streptococcus_pyogenes_serotype_M12	81	0.02
x__cellular_organisms|x__Bacteria|k__Bacillati|p__Bacillota|c__Bacilli|o__Lactobacillales|f__Streptococcaceae|g__Streptococcus|s__Streptococcus_pyogenes|x__Streptococcus_pyogenes_serotype_M12|x__Streptococcus_pyogenes_MGAS9429	48	0.01
x__cellular_organisms|x__Bacteria|k__Bacillati|p__Bacillota|c__Bacilli|o__Lactobacillales|f__Streptococcaceae|g__Streptococcus|s__Streptococcus_pyogenes|x__Streptococcus_pyogenes_serotype_M12|x__Streptococcus_pyogenes_HKU_QMH11M0907901	33	0.01
x__cellular_organisms|x__Bacteria|k__Bacillati|p__Bacillota|c__Bacilli|o__Lactobacillales|f__Streptococcaceae|g__Streptococcus|s__Streptococcus_pyogenes|x__Streptococcus_pyogenes_serotype_M1	75	0.02
x__cellular_organisms|x__Bacteria|k__Bacillati|p__Bacillota|c__Bacilli|o__Lactobacillales|f__Streptococcaceae|g__Streptococcus|s__Streptococcus_pyogenes|x__Streptococcus_pyogenes_serotype_M1|x__Streptococcus_pyogenes_M1_GAS	69	0.02
x__cellular_organisms|x__Bacteria|k__Bacillati|p__Bacillota|c__Bacilli|o__Lactobacillales|f__Streptococcaceae|g__Streptococcus|s__Streptococcus_pyogenes|x__Streptococcus_pyogenes_serotype_M1|x__Streptococcus_pyogenes_M1_476	4	0.0
x__cellular_organisms|x__Bacteria|k__Bacillati|p__Bacillota|c__Bacilli|o__Lactobacillales|f__Streptococcaceae|g__Streptococcus|s__Streptococcus_pyogenes|x__Streptococcus_pyogenes_serotype_M1|x__Streptococcus_pyogenes_MGAS5005	2	0.0
x__cellular_organisms|x__Bacteria|k__Bacillati|p__Bacillota|c__Bacilli|o__Lactobacillales|f__Streptococcaceae|g__Streptococcus|s__Streptococcus_pyogenes|x__Streptococcus_pyogenes_serotype_M59	5	0.0
x__cellular_organisms|x__Bacteria|k__Bacillati|p__Bacillota|c__Bacilli|o__Lactobacillales|f__Streptococcaceae|g__Streptococcus|s__Streptococcus_pyogenes|x__Streptococcus_pyogenes_serotype_M59|x__Streptococcus_pyogenes_MGAS15252	5	0.0
x__cellular_organisms|x__Bacteria|k__Bacillati|p__Bacillota|c__Bacilli|o__Lactobacillales|f__Streptococcaceae|g__Streptococcus|s__Streptococcus_pyogenes|x__Streptococcus_pyogenes_STAB902	3	0.0
x__cellular_organisms|x__Bacteria|k__Bacillati|p__Bacillota|c__Bacilli|o__Lactobacillales|f__Streptococcaceae|g__Streptococcus|s__Streptococcus_pyogenes|x__Streptococcus_pyogenes_serotype_M5	2	0.0
x__cellular_organisms|x__Bacteria|k__Bacillati|p__Bacillota|c__Bacilli|o__Lactobacillales|f__Streptococcaceae|g__Streptococcus|s__Streptococcus_pyogenes|x__Streptococcus_pyogenes_serotype_M5|x__Streptococcus_pyogenes_str._Manfredo	2	0.0
x__cellular_organisms|x__Bacteria|k__Bacillati|p__Bacillota|c__Bacilli|o__Lactobacillales|f__Streptococcaceae|g__Streptococcus|s__Streptococcus_pyogenes|x__Streptococcus_pyogenes_serotype_M18	2	0.0
x__cellular_organisms|x__Bacteria|k__Bacillati|p__Bacillota|c__Bacilli|o__Lactobacillales|f__Streptococcaceae|g__Streptococcus|s__Streptococcus_pyogenes|x__Streptococcus_pyogenes_serotype_M18|x__Streptococcus_pyogenes_MGAS8232	2	0.0
x__cellular_organisms|x__Bacteria|k__Bacillati|p__Bacillota|c__Bacilli|o__Lactobacillales|f__Streptococcaceae|g__Streptococcus|s__Streptococcus_pyogenes|x__Streptococcus_pyogenes_serotype_M53	2	0.0
x__cellular_organisms|x__Bacteria|k__Bacillati|p__Bacillota|c__Bacilli|o__Lactobacillales|f__Streptococcaceae|g__Streptococcus|s__Streptococcus_pyogenes|x__Streptococcus_pyogenes_serotype_M53|x__Streptococcus_pyogenes_Alab49	2	0.0
x__cellular_organisms|x__Bacteria|k__Bacillati|p__Bacillota|c__Bacilli|o__Lactobacillales|f__Streptococcaceae|g__Streptococcus|s__Streptococcus_pyogenes|x__Streptococcus_pyogenes_HSC5	2	0.0
x__cellular_organisms|x__Bacteria|k__Bacillati|p__Bacillota|c__Bacilli|o__Lactobacillales|f__Streptococcaceae|g__Streptococcus|s__Streptococcus_pyogenes|x__Streptococcus_pyogenes_serotype_M3	1	0.0
x__cellular_organisms|x__Bacteria|k__Bacillati|p__Bacillota|c__Bacilli|o__Lactobacillales|f__Streptococcaceae|g__Streptococcus|s__Streptococcus_pyogenes|x__Streptococcus_pyogenes_serotype_M3|x__Streptococcus_pyogenes_SSI-1	1	0.0
x__cellular_organisms|x__Bacteria|k__Bacillati|p__Bacillota|c__Bacilli|o__Lactobacillales|f__Streptococcaceae|g__Streptococcus|s__Streptococcus_pyogenes|x__Streptococcus_pyogenes_serotype_M6	1	0.0
x__cellular_organisms|x__Bacteria|k__Bacillati|p__Bacillota|c__Bacilli|o__Lactobacillales|f__Streptococcaceae|g__Streptococcus|s__Streptococcus_pyogenes|x__Streptococcus_pyogenes_serotype_M6|x__Streptococcus_pyogenes_MGAS10394	1	0.0
x__cellular_organisms|x__Bacteria|k__Bacillati|p__Bacillota|c__Bacilli|o__Lactobacillales|f__Streptococcaceae|g__Streptococcus|s__Streptococcus_pyogenes|x__Streptococcus_pyogenes_serotype_M28	1	0.0
x__cellular_organisms|x__Bacteria|k__Bacillati|p__Bacillota|c__Bacilli|o__Lactobacillales|f__Streptococcaceae|g__Streptococcus|s__Streptococcus_pyogenes|x__Streptococcus_pyogenes_serotype_M28|x__Streptococcus_pyogenes_MGAS6180	1	0.0
x__cellular_organisms|x__Bacteria|k__Bacillati|p__Bacillota|c__Bacilli|o__Lactobacillales|f__Streptococcaceae|g__Streptococcus|s__Streptococcus_pyogenes|x__Streptococcus_pyogenes_STAB1102	1	0.0
x__cellular_organisms|x__Bacteria|k__Bacillati|p__Bacillota|c__Bacilli|o__Lactobacillales|f__Streptococcaceae|g__Streptococcus|x__Streptococcus_dysgalactiae_group	700	0.16
x__cellular_organisms|x__Bacteria|k__Bacillati|p__Bacillota|c__Bacilli|o__Lactobacillales|f__Streptococcaceae|g__Streptococcus|x__Streptococcus_dysgalactiae_group|s__Streptococcus_dysgalactiae	675	0.16
x__cellular_organisms|x__Bacteria|k__Bacillati|p__Bacillota|c__Bacilli|o__Lactobacillales|f__Streptococcaceae|g__Streptococcus|x__Streptococcus_dysgalactiae_group|s__Streptococcus_dysgalactiae|x__Streptococcus_dysgalactiae_subsp._equisimilis	177	0.04
x__cellular_organisms|x__Bacteria|k__Bacillati|p__Bacillota|c__Bacilli|o__Lactobacillales|f__Streptococcaceae|g__Streptococcus|x__Streptococcus_dysgalactiae_group|s__Streptococcus_dysgalactiae|x__Streptococcus_dysgalactiae_subsp._equisimilis|x__Streptococcus_dysgalactiae_subsp._equisimilis_GGS_124	48	0.01
x__cellular_organisms|x__Bacteria|k__Bacillati|p__Bacillota|c__Bacilli|o__Lactobacillales|f__Streptococcaceae|g__Streptococcus|x__Streptococcus_dysgalactiae_group|s__Streptococcus_dysgalactiae|x__Streptococcus_dysgalactiae_subsp._equisimilis|x__Streptococcus_dysgalactiae_subsp._equisimilis_RE378	1	0.0
x__cellular_organisms|x__Bacteria|k__Bacillati|p__Bacillota|c__Bacilli|o__Lactobacillales|f__Streptococcaceae|g__Streptococcus|x__Streptococcus_dysgalactiae_group|s__Streptococcus_dysgalactiae|x__Streptococcus_dysgalactiae_subsp._dysgalactiae	7	0.0
x__cellular_organisms|x__Bacteria|k__Bacillati|p__Bacillota|c__Bacilli|o__Lactobacillales|f__Streptococcaceae|g__Streptococcus|x__Streptococcus_dysgalactiae_group|s__Streptococcus_equi	24	0.01
x__cellular_organisms|x__Bacteria|k__Bacillati|p__Bacillota|c__Bacilli|o__Lactobacillales|f__Streptococcaceae|g__Streptococcus|x__Streptococcus_dysgalactiae_group|s__Streptococcus_equi|x__Streptococcus_equi_subsp._zooepidemicus	6	0.0
x__cellular_organisms|x__Bacteria|k__Bacillati|p__Bacillota|c__Bacilli|o__Lactobacillales|f__Streptococcaceae|g__Streptococcus|x__Streptococcus_dysgalactiae_group|s__Streptococcus_equi|x__Streptococcus_equi_subsp._equi	1	0.0
x__cellular_organisms|x__Bacteria|k__Bacillati|p__Bacillota|c__Bacilli|o__Lactobacillales|f__Streptococcaceae|g__Streptococcus|s__Streptococcus_canis	198	0.05
x__cellular_organisms|x__Bacteria|k__Bacillati|p__Bacillota|c__Bacilli|o__Lactobacillales|f__Streptococcaceae|g__Streptococcus|s__Streptococcus_agalactiae	143	0.03
x__cellular_organisms|x__Bacteria|k__Bacillati|p__Bacillota|c__Bacilli|o__Lactobacillales|f__Streptococcaceae|g__Streptococcus|s__Streptococcus_agalactiae|x__Streptococcus_agalactiae_ILRI005	7	0.0
x__cellular_organisms|x__Bacteria|k__Bacillati|p__Bacillota|c__Bacilli|o__Lactobacillales|f__Streptococcaceae|g__Streptococcus|s__Streptococcus_iniae	68	0.02
x__cellular_organisms|x__Bacteria|k__Bacillati|p__Bacillota|c__Bacilli|o__Lactobacillales|f__Streptococcaceae|g__Streptococcus|s__Streptococcus_didelphis	39	0.01
x__cellular_organisms|x__Bacteria|k__Bacillati|p__Bacillota|c__Bacilli|o__Lactobacillales|f__Streptococcaceae|g__Streptococcus|x__unclassified_Streptococcus	33	0.01
x__cellular_organisms|x__Bacteria|k__Bacillati|p__Bacillota|c__Bacilli|o__Lactobacillales|f__Streptococcaceae|g__Streptococcus|x__unclassified_Streptococcus|s__Streptococcus_sp._FSL_W8-0197	14	0.0
x__cellular_organisms|x__Bacteria|k__Bacillati|p__Bacillota|c__Bacilli|o__Lactobacillales|f__Streptococcaceae|g__Streptococcus|x__unclassified_Streptococcus|s__Streptococcus_sp._FDAARGOS_520	8	0.0
x__cellular_organisms|x__Bacteria|k__Bacillati|p__Bacillota|c__Bacilli|o__Lactobacillales|f__Streptococcaceae|g__Streptococcus|x__unclassified_Streptococcus|s__Streptococcus_sp._ZY19097	3	0.0
x__cellular_organisms|x__Bacteria|k__Bacillati|p__Bacillota|c__Bacilli|o__Lactobacillales|f__Streptococcaceae|g__Streptococcus|x__unclassified_Streptococcus|s__Streptococcus_sp._ZJ_1593	2	0.0
x__cellular_organisms|x__Bacteria|k__Bacillati|p__Bacillota|c__Bacilli|o__Lactobacillales|f__Streptococcaceae|g__Streptococcus|x__unclassified_Streptococcus|s__Streptococcus_sp._HSISS3	2	0.0
x__cellular_organisms|x__Bacteria|k__Bacillati|p__Bacillota|c__Bacilli|o__Lactobacillales|f__Streptococcaceae|g__Streptococcus|x__unclassified_Streptococcus|s__Streptococcus_sp._ZY1909104	1	0.0
x__cellular_organisms|x__Bacteria|k__Bacillati|p__Bacillota|c__Bacilli|o__Lactobacillales|f__Streptococcaceae|g__Streptococcus|x__unclassified_Streptococcus|s__Streptococcus_sp._A12	1	0.0
x__cellular_organisms|x__Bacteria|k__Bacillati|p__Bacillota|c__Bacilli|o__Lactobacillales|f__Streptococcaceae|g__Streptococcus|s__Streptococcus_oralis	25	0.01
x__cellular_organisms|x__Bacteria|k__Bacillati|p__Bacillota|c__Bacilli|o__Lactobacillales|f__Streptococcaceae|g__Streptococcus|s__Streptococcus_oralis|x__Streptococcus_oralis_subsp._tigurinus	22	0.01
x__cellular_organisms|x__Bacteria|k__Bacillati|p__Bacillota|c__Bacilli|o__Lactobacillales|f__Streptococcaceae|g__Streptococcus|s__Streptococcus_oralis|x__Streptococcus_oralis_subsp._dentisani	1	0.0
x__cellular_organisms|x__Bacteria|k__Bacillati|p__Bacillota|c__Bacilli|o__Lactobacillales|f__Streptococcaceae|g__Streptococcus|s__Streptococcus_suis	9	0.0
x__cellular_organisms|x__Bacteria|k__Bacillati|p__Bacillota|c__Bacilli|o__Lactobacillales|f__Streptococcaceae|g__Streptococcus|s__Streptococcus_pluranimalium	6	0.0
x__cellular_organisms|x__Bacteria|k__Bacillati|p__Bacillota|c__Bacilli|o__Lactobacillales|f__Streptococcaceae|g__Streptococcus|s__Streptococcus_pseudoporcinus	5	0.0
x__cellular_organisms|x__Bacteria|k__Bacillati|p__Bacillota|c__Bacilli|o__Lactobacillales|f__Streptococcaceae|g__Streptococcus|s__Streptococcus_pneumoniae	5	0.0
x__cellular_organisms|x__Bacteria|k__Bacillati|p__Bacillota|c__Bacilli|o__Lactobacillales|f__Streptococcaceae|g__Streptococcus|s__Streptococcus_pneumoniae|x__Streptococcus_pneumoniae_Hungary19A-6	1	0.0
x__cellular_organisms|x__Bacteria|k__Bacillati|p__Bacillota|c__Bacilli|o__Lactobacillales|f__Streptococcaceae|g__Streptococcus|s__Streptococcus_pneumoniae|x__Streptococcus_pneumoniae_TCH8431/19A	1	0.0
x__cellular_organisms|x__Bacteria|k__Bacillati|p__Bacillota|c__Bacilli|o__Lactobacillales|f__Streptococcaceae|g__Streptococcus|s__Streptococcus_ilei	4	0.0
x__cellular_organisms|x__Bacteria|k__Bacillati|p__Bacillota|c__Bacilli|o__Lactobacillales|f__Streptococcaceae|g__Streptococcus|s__Streptococcus_halichoeri	4	0.0
x__cellular_organisms|x__Bacteria|k__Bacillati|p__Bacillota|c__Bacilli|o__Lactobacillales|f__Streptococcaceae|g__Streptococcus|s__Streptococcus_thermophilus	4	0.0
x__cellular_organisms|x__Bacteria|k__Bacillati|p__Bacillota|c__Bacilli|o__Lactobacillales|f__Streptococcaceae|g__Streptococcus|s__Streptococcus_marmotae	4	0.0
x__cellular_organisms|x__Bacteria|k__Bacillati|p__Bacillota|c__Bacilli|o__Lactobacillales|f__Streptococcaceae|g__Streptococcus|s__Streptococcus_uberis	4	0.0
x__cellular_organisms|x__Bacteria|k__Bacillati|p__Bacillota|c__Bacilli|o__Lactobacillales|f__Streptococcaceae|g__Streptococcus|x__Streptococcus_mitis_group	3	0.0
x__cellular_organisms|x__Bacteria|k__Bacillati|p__Bacillota|c__Bacilli|o__Lactobacillales|f__Streptococcaceae|g__Streptococcus|x__Streptococcus_mitis_group|s__Streptococcus_mitis	2	0.0
x__cellular_organisms|x__Bacteria|k__Bacillati|p__Bacillota|c__Bacilli|o__Lactobacillales|f__Streptococcaceae|g__Streptococcus|x__Streptococcus_mitis_group|s__Streptococcus_toyakuensis	1	0.0
x__cellular_organisms|x__Bacteria|k__Bacillati|p__Bacillota|c__Bacilli|o__Lactobacillales|f__Streptococcaceae|g__Streptococcus|s__Streptococcus_ferus	3	0.0
x__cellular_organisms|x__Bacteria|k__Bacillati|p__Bacillota|c__Bacilli|o__Lactobacillales|f__Streptococcaceae|g__Streptococcus|s__Streptococcus_acidominimus	3	0.0
x__cellular_organisms|x__Bacteria|k__Bacillati|p__Bacillota|c__Bacilli|o__Lactobacillales|f__Streptococcaceae|g__Streptococcus|s__Streptococcus_equinus	3	0.0
x__cellular_organisms|x__Bacteria|k__Bacillati|p__Bacillota|c__Bacilli|o__Lactobacillales|f__Streptococcaceae|g__Streptococcus|s__Streptococcus_porcinus	3	0.0
x__cellular_organisms|x__Bacteria|k__Bacillati|p__Bacillota|c__Bacilli|o__Lactobacillales|f__Streptococcaceae|g__Streptococcus|s__Streptococcus_gordonii	2	0.0
x__cellular_organisms|x__Bacteria|k__Bacillati|p__Bacillota|c__Bacilli|o__Lactobacillales|f__Streptococcaceae|g__Streptococcus|x__Streptococcus_anginosus_group	2	0.0
x__cellular_organisms|x__Bacteria|k__Bacillati|p__Bacillota|c__Bacilli|o__Lactobacillales|f__Streptococcaceae|g__Streptococcus|x__Streptococcus_anginosus_group|s__Streptococcus_anginosus	1	0.0
x__cellular_organisms|x__Bacteria|k__Bacillati|p__Bacillota|c__Bacilli|o__Lactobacillales|f__Streptococcaceae|g__Streptococcus|x__Streptococcus_anginosus_group|s__Streptococcus_constellatus	1	0.0
x__cellular_organisms|x__Bacteria|k__Bacillati|p__Bacillota|c__Bacilli|o__Lactobacillales|f__Streptococcaceae|g__Streptococcus|s__Streptococcus_parasuis	2	0.0
x__cellular_organisms|x__Bacteria|k__Bacillati|p__Bacillota|c__Bacilli|o__Lactobacillales|f__Streptococcaceae|g__Streptococcus|s__Streptococcus_halotolerans	2	0.0
x__cellular_organisms|x__Bacteria|k__Bacillati|p__Bacillota|c__Bacilli|o__Lactobacillales|f__Streptococcaceae|g__Streptococcus|s__Streptococcus_himalayensis	2	0.0
x__cellular_organisms|x__Bacteria|k__Bacillati|p__Bacillota|c__Bacilli|o__Lactobacillales|f__Streptococcaceae|g__Streptococcus|s__Streptococcus_iners	2	0.0
x__cellular_organisms|x__Bacteria|k__Bacillati|p__Bacillota|c__Bacilli|o__Lactobacillales|f__Streptococcaceae|g__Streptococcus|s__Streptococcus_iners|x__Streptococcus_iners_subsp._hyiners	1	0.0
x__cellular_organisms|x__Bacteria|k__Bacillati|p__Bacillota|c__Bacilli|o__Lactobacillales|f__Streptococcaceae|g__Streptococcus|s__Streptococcus_parauberis	2	0.0
x__cellular_organisms|x__Bacteria|k__Bacillati|p__Bacillota|c__Bacilli|o__Lactobacillales|f__Streptococcaceae|g__Streptococcus|s__Streptococcus_sanguinis	1	0.0
x__cellular_organisms|x__Bacteria|k__Bacillati|p__Bacillota|c__Bacilli|o__Lactobacillales|f__Streptococcaceae|g__Streptococcus|s__Streptococcus_respiraculi	1	0.0
x__cellular_organisms|x__Bacteria|k__Bacillati|p__Bacillota|c__Bacilli|o__Lactobacillales|f__Streptococcaceae|g__Streptococcus|s__Streptococcus_chenjunshii	1	0.0
x__cellular_organisms|x__Bacteria|k__Bacillati|p__Bacillota|c__Bacilli|o__Lactobacillales|f__Streptococcaceae|g__Streptococcus|s__Streptococcus_ruminicola	1	0.0
x__cellular_organisms|x__Bacteria|k__Bacillati|p__Bacillota|c__Bacilli|o__Lactobacillales|f__Streptococcaceae|g__Streptococcus|s__Streptococcus_pantholopis	1	0.0
x__cellular_organisms|x__Bacteria|k__Bacillati|p__Bacillota|c__Bacilli|o__Lactobacillales|f__Streptococcaceae|g__Streptococcus|s__Streptococcus_suivaginalis	1	0.0
x__cellular_organisms|x__Bacteria|k__Bacillati|p__Bacillota|c__Bacilli|o__Lactobacillales|f__Streptococcaceae|g__Streptococcus|s__Streptococcus_lactarius	1	0.0
x__cellular_organisms|x__Bacteria|k__Bacillati|p__Bacillota|c__Bacilli|o__Lactobacillales|f__Streptococcaceae|g__Streptococcus|s__Streptococcus_mutans	1	0.0
x__cellular_organisms|x__Bacteria|k__Bacillati|p__Bacillota|c__Bacilli|o__Lactobacillales|f__Streptococcaceae|g__Streptococcus|s__Streptococcus_ratti	1	0.0
x__cellular_organisms|x__Bacteria|k__Bacillati|p__Bacillota|c__Bacilli|o__Lactobacillales|f__Streptococcaceae|g__Streptococcus|s__Streptococcus_parasanguinis	1	0.0
x__cellular_organisms|x__Bacteria|k__Bacillati|p__Bacillota|c__Bacilli|o__Lactobacillales|f__Streptococcaceae|g__Streptococcus|s__Streptococcus_parasanguinis|x__Streptococcus_parasanguinis_FW213	1	0.0
x__cellular_organisms|x__Bacteria|k__Bacillati|p__Bacillota|c__Bacilli|o__Lactobacillales|f__Streptococcaceae|g__Streptococcus|s__Streptococcus_pasteurianus	1	0.0
x__cellular_organisms|x__Bacteria|k__Bacillati|p__Bacillota|c__Bacilli|o__Lactobacillales|f__Streptococcaceae|g__Streptococcus|s__Streptococcus_alactolyticus	1	0.0
x__cellular_organisms|x__Bacteria|k__Bacillati|p__Bacillota|c__Bacilli|o__Lactobacillales|f__Streptococcaceae|g__Streptococcus|s__Streptococcus_urinalis	1	0.0
x__cellular_organisms|x__Bacteria|k__Bacillati|p__Bacillota|c__Bacilli|o__Lactobacillales|f__Streptococcaceae|g__Streptococcus|s__Streptococcus_cristatus	1	0.0
x__cellular_organisms|x__Bacteria|k__Bacillati|p__Bacillota|c__Bacilli|o__Lactobacillales|f__Streptococcaceae|g__Lactococcus	2	0.0
x__cellular_organisms|x__Bacteria|k__Bacillati|p__Bacillota|c__Bacilli|o__Lactobacillales|f__Streptococcaceae|g__Lactococcus|s__Lactococcus_lactis	2	0.0
x__cellular_organisms|x__Bacteria|k__Bacillati|p__Bacillota|c__Bacilli|o__Lactobacillales|f__Streptococcaceae|g__Lactococcus|s__Lactococcus_lactis|x__Lactococcus_lactis_subsp._lactis	1	0.0
x__cellular_organisms|x__Bacteria|k__Bacillati|p__Bacillota|c__Bacilli|o__Lactobacillales|f__Enterococcaceae	8	0.0
x__cellular_organisms|x__Bacteria|k__Bacillati|p__Bacillota|c__Bacilli|o__Lactobacillales|f__Enterococcaceae|g__Enterococcus	7	0.0
x__cellular_organisms|x__Bacteria|k__Bacillati|p__Bacillota|c__Bacilli|o__Lactobacillales|f__Enterococcaceae|g__Enterococcus|s__Candidatus_Enterococcus_clewellii	3	0.0
x__cellular_organisms|x__Bacteria|k__Bacillati|p__Bacillota|c__Bacilli|o__Lactobacillales|f__Enterococcaceae|g__Enterococcus|s__Enterococcus_faecalis	2	0.0
x__cellular_organisms|x__Bacteria|k__Bacillati|p__Bacillota|c__Bacilli|o__Lactobacillales|f__Enterococcaceae|g__Enterococcus|s__Enterococcus_gilvus	1	0.0
x__cellular_organisms|x__Bacteria|k__Bacillati|p__Bacillota|c__Bacilli|o__Lactobacillales|f__Enterococcaceae|g__Enterococcus|s__Candidatus_Enterococcus_dunnyi	1	0.0
x__cellular_organisms|x__Bacteria|k__Bacillati|p__Bacillota|c__Bacilli|o__Lactobacillales|f__Enterococcaceae|g__Vagococcus	1	0.0
x__cellular_organisms|x__Bacteria|k__Bacillati|p__Bacillota|c__Bacilli|o__Lactobacillales|f__Lactobacillaceae	5	0.0
x__cellular_organisms|x__Bacteria|k__Bacillati|p__Bacillota|c__Bacilli|o__Lactobacillales|f__Lactobacillaceae|g__Xylocopilactobacillus	1	0.0
x__cellular_organisms|x__Bacteria|k__Bacillati|p__Bacillota|c__Bacilli|o__Lactobacillales|f__Lactobacillaceae|g__Ligilactobacillus	1	0.0
x__cellular_organisms|x__Bacteria|k__Bacillati|p__Bacillota|c__Bacilli|o__Lactobacillales|f__Lactobacillaceae|g__Ligilactobacillus|s__Ligilactobacillus_salivarius	1	0.0
x__cellular_organisms|x__Bacteria|k__Bacillati|p__Bacillota|c__Bacilli|o__Lactobacillales|f__Lactobacillaceae|g__Acetilactobacillus	1	0.0
x__cellular_organisms|x__Bacteria|k__Bacillati|p__Bacillota|c__Bacilli|o__Lactobacillales|f__Lactobacillaceae|g__Acetilactobacillus|s__Acetilactobacillus_jinshanensis	1	0.0
x__cellular_organisms|x__Bacteria|k__Bacillati|p__Bacillota|c__Bacilli|o__Bacillales	27	0.01
x__cellular_organisms|x__Bacteria|k__Bacillati|p__Bacillota|c__Bacilli|o__Bacillales|f__Bacillaceae	14	0.0
x__cellular_organisms|x__Bacteria|k__Bacillati|p__Bacillota|c__Bacilli|o__Bacillales|f__Bacillaceae|g__Bacillus	11	0.0
x__cellular_organisms|x__Bacteria|k__Bacillati|p__Bacillota|c__Bacilli|o__Bacillales|f__Bacillaceae|g__Bacillus|x__Bacillus_cereus_group	5	0.0
x__cellular_organisms|x__Bacteria|k__Bacillati|p__Bacillota|c__Bacilli|o__Bacillales|f__Bacillaceae|g__Bacillus|x__Bacillus_cereus_group|s__Bacillus_anthracis	4	0.0
x__cellular_organisms|x__Bacteria|k__Bacillati|p__Bacillota|c__Bacilli|o__Bacillales|f__Bacillaceae|g__Bacillus|x__Bacillus_cereus_group|s__Bacillus_anthracis|x__Bacillus_anthracis_str._Turkey32	3	0.0
x__cellular_organisms|x__Bacteria|k__Bacillati|p__Bacillota|c__Bacilli|o__Bacillales|f__Bacillaceae|g__Bacillus|x__Bacillus_cereus_group|s__Bacillus_cereus	1	0.0
x__cellular_organisms|x__Bacteria|k__Bacillati|p__Bacillota|c__Bacilli|o__Bacillales|f__Bacillaceae|g__Bacillus|x__Bacillus_subtilis_group	4	0.0
x__cellular_organisms|x__Bacteria|k__Bacillati|p__Bacillota|c__Bacilli|o__Bacillales|f__Bacillaceae|g__Bacillus|x__Bacillus_subtilis_group|s__Bacillus_subtilis	2	0.0
x__cellular_organisms|x__Bacteria|k__Bacillati|p__Bacillota|c__Bacilli|o__Bacillales|f__Bacillaceae|g__Bacillus|x__Bacillus_subtilis_group|x__Bacillus_amyloliquefaciens_group	2	0.0
x__cellular_organisms|x__Bacteria|k__Bacillati|p__Bacillota|c__Bacilli|o__Bacillales|f__Bacillaceae|g__Bacillus|x__Bacillus_subtilis_group|x__Bacillus_amyloliquefaciens_group|s__Bacillus_velezensis	2	0.0
x__cellular_organisms|x__Bacteria|k__Bacillati|p__Bacillota|c__Bacilli|o__Bacillales|f__Bacillaceae|g__Bacillus|s__Bacillus_carboniphilus	1	0.0
x__cellular_organisms|x__Bacteria|k__Bacillati|p__Bacillota|c__Bacilli|o__Bacillales|f__Bacillaceae|g__Bacillus|s__Bacillus_safensis	1	0.0
x__cellular_organisms|x__Bacteria|k__Bacillati|p__Bacillota|c__Bacilli|o__Bacillales|f__Bacillaceae|g__Cytobacillus	1	0.0
x__cellular_organisms|x__Bacteria|k__Bacillati|p__Bacillota|c__Bacilli|o__Bacillales|f__Bacillaceae|g__Cytobacillus|s__Cytobacillus_firmus	1	0.0
x__cellular_organisms|x__Bacteria|k__Bacillati|p__Bacillota|c__Bacilli|o__Bacillales|f__Bacillaceae|g__Priestia	1	0.0
x__cellular_organisms|x__Bacteria|k__Bacillati|p__Bacillota|c__Bacilli|o__Bacillales|f__Bacillaceae|g__Priestia|s__Priestia_megaterium	1	0.0
x__cellular_organisms|x__Bacteria|k__Bacillati|p__Bacillota|c__Bacilli|o__Bacillales|f__Bacillaceae|g__Priestia|s__Priestia_megaterium|x__Priestia_megaterium_WSH-002	1	0.0
x__cellular_organisms|x__Bacteria|k__Bacillati|p__Bacillota|c__Bacilli|o__Bacillales|f__Paenibacillaceae	3	0.0
x__cellular_organisms|x__Bacteria|k__Bacillati|p__Bacillota|c__Bacilli|o__Bacillales|f__Paenibacillaceae|g__Paenibacillus	3	0.0
x__cellular_organisms|x__Bacteria|k__Bacillati|p__Bacillota|c__Bacilli|o__Bacillales|f__Paenibacillaceae|g__Paenibacillus|s__Paenibacillus_mucilaginosus	2	0.0
x__cellular_organisms|x__Bacteria|k__Bacillati|p__Bacillota|c__Bacilli|o__Bacillales|f__Paenibacillaceae|g__Paenibacillus|s__Paenibacillus_physcomitrellae	1	0.0
x__cellular_organisms|x__Bacteria|k__Bacillati|p__Bacillota|c__Bacilli|o__Bacillales|f__Staphylococcaceae	2	0.0
x__cellular_organisms|x__Bacteria|k__Bacillati|p__Bacillota|c__Bacilli|o__Bacillales|f__Staphylococcaceae|g__Staphylococcus	2	0.0
x__cellular_organisms|x__Bacteria|k__Bacillati|p__Bacillota|c__Bacilli|o__Bacillales|f__Staphylococcaceae|g__Staphylococcus|x__Staphylococcus_intermedius_group	1	0.0
x__cellular_organisms|x__Bacteria|k__Bacillati|p__Bacillota|c__Bacilli|o__Bacillales|f__Staphylococcaceae|g__Staphylococcus|x__Staphylococcus_intermedius_group|s__Staphylococcus_pseudintermedius	1	0.0
x__cellular_organisms|x__Bacteria|k__Bacillati|p__Bacillota|c__Bacilli|o__Bacillales|f__Staphylococcaceae|g__Staphylococcus|s__Staphylococcus_aureus	1	0.0
x__cellular_organisms|x__Bacteria|k__Bacillati|p__Bacillota|c__Clostridia	3	0.0
x__cellular_organisms|x__Bacteria|k__Bacillati|p__Bacillota|c__Clostridia|o__Eubacteriales	1	0.0
x__cellular_organisms|x__Bacteria|k__Bacillati|p__Bacillota|c__Clostridia|o__Eubacteriales|f__Eubacteriaceae	1	0.0
x__cellular_organisms|x__Bacteria|k__Bacillati|p__Bacillota|c__Clostridia|o__Eubacteriales|f__Eubacteriaceae|g__Eubacterium	1	0.0
x__cellular_organisms|x__Bacteria|k__Bacillati|p__Bacillota|c__Clostridia|o__Eubacteriales|f__Eubacteriaceae|g__Eubacterium|s__Eubacterium_ventriosum	1	0.0
x__cellular_organisms|x__Bacteria|k__Bacillati|p__Bacillota|c__Clostridia|o__Lachnospirales	1	0.0
x__cellular_organisms|x__Bacteria|k__Bacillati|p__Bacillota|c__Clostridia|o__Lachnospirales|f__Lachnospiraceae	1	0.0
x__cellular_organisms|x__Bacteria|k__Bacillati|p__Bacillota|c__Erysipelotrichia	1	0.0
x__cellular_organisms|x__Bacteria|k__Bacillati|p__Bacillota|c__Erysipelotrichia|o__Erysipelotrichales	1	0.0
x__cellular_organisms|x__Bacteria|k__Bacillati|p__Bacillota|c__Erysipelotrichia|o__Erysipelotrichales|f__Erysipelotrichaceae	1	0.0
x__cellular_organisms|x__Bacteria|k__Bacillati|p__Bacillota|c__Erysipelotrichia|o__Erysipelotrichales|f__Erysipelotrichaceae|g__Allobaculum	1	0.0
x__cellular_organisms|x__Bacteria|k__Bacillati|p__Chloroflexota	1	0.0
x__cellular_organisms|x__Bacteria|k__Bacillati|p__Chloroflexota|c__Ktedonobacteria	1	0.0
x__cellular_organisms|x__Bacteria|k__Bacillati|p__Chloroflexota|c__Ktedonobacteria|o__Ktedonobacterales	1	0.0
x__cellular_organisms|x__Bacteria|k__Bacillati|p__Chloroflexota|c__Ktedonobacteria|o__Ktedonobacterales|f__Ktedonosporobacteraceae	1	0.0
x__cellular_organisms|x__Bacteria|k__Bacillati|p__Chloroflexota|c__Ktedonobacteria|o__Ktedonobacterales|f__Ktedonosporobacteraceae|g__Ktedonosporobacter	1	0.0
x__cellular_organisms|x__Bacteria|k__Bacillati|p__Chloroflexota|c__Ktedonobacteria|o__Ktedonobacterales|f__Ktedonosporobacteraceae|g__Ktedonosporobacter|s__Ktedonosporobacter_rubrisoli	1	0.0
x__cellular_organisms|x__Bacteria|k__Bacillati|p__Actinomycetota	1	0.0
x__cellular_organisms|x__Bacteria|k__Bacillati|p__Actinomycetota|c__Actinomycetes	1	0.0
x__cellular_organisms|x__Bacteria|k__Bacillati|p__Actinomycetota|c__Actinomycetes|o__Bifidobacteriales	1	0.0
x__cellular_organisms|x__Bacteria|k__Bacillati|p__Actinomycetota|c__Actinomycetes|o__Bifidobacteriales|f__Bifidobacteriaceae	1	0.0
x__cellular_organisms|x__Bacteria|k__Bacillati|x__Cyanobacteriota/Melainabacteria_group	1	0.0
x__cellular_organisms|x__Bacteria|k__Bacillati|x__Cyanobacteriota/Melainabacteria_group|p__Cyanobacteriota	1	0.0
x__cellular_organisms|x__Bacteria|k__Bacillati|x__Cyanobacteriota/Melainabacteria_group|p__Cyanobacteriota|c__Cyanophyceae	1	0.0
x__cellular_organisms|x__Bacteria|k__Pseudomonadati	29	0.01
x__cellular_organisms|x__Bacteria|k__Pseudomonadati|p__Pseudomonadota	17	0.0
x__cellular_organisms|x__Bacteria|k__Pseudomonadati|p__Pseudomonadota|c__Gammaproteobacteria	16	0.0
x__cellular_organisms|x__Bacteria|k__Pseudomonadati|p__Pseudomonadota|c__Gammaproteobacteria|o__Enterobacterales	7	0.0
x__cellular_organisms|x__Bacteria|k__Pseudomonadati|p__Pseudomonadota|c__Gammaproteobacteria|o__Enterobacterales|f__Yersiniaceae	4	0.0
x__cellular_organisms|x__Bacteria|k__Pseudomonadati|p__Pseudomonadota|c__Gammaproteobacteria|o__Enterobacterales|f__Yersiniaceae|g__Serratia	3	0.0
x__cellular_organisms|x__Bacteria|k__Pseudomonadati|p__Pseudomonadota|c__Gammaproteobacteria|o__Enterobacterales|f__Yersiniaceae|g__Serratia|s__Serratia_symbiotica	2	0.0
x__cellular_organisms|x__Bacteria|k__Pseudomonadati|p__Pseudomonadota|c__Gammaproteobacteria|o__Enterobacterales|f__Yersiniaceae|g__Serratia|s__Serratia_proteamaculans	1	0.0
x__cellular_organisms|x__Bacteria|k__Pseudomonadati|p__Pseudomonadota|c__Gammaproteobacteria|o__Enterobacterales|f__Yersiniaceae|g__Yersinia	1	0.0
x__cellular_organisms|x__Bacteria|k__Pseudomonadati|p__Pseudomonadota|c__Gammaproteobacteria|o__Enterobacterales|f__Enterobacteriaceae	3	0.0
x__cellular_organisms|x__Bacteria|k__Pseudomonadati|p__Pseudomonadota|c__Gammaproteobacteria|o__Enterobacterales|f__Enterobacteriaceae|x__Klebsiella/Raoultella_group	1	0.0
x__cellular_organisms|x__Bacteria|k__Pseudomonadati|p__Pseudomonadota|c__Gammaproteobacteria|o__Enterobacterales|f__Enterobacteriaceae|x__Klebsiella/Raoultella_group|g__Klebsiella	1	0.0
x__cellular_organisms|x__Bacteria|k__Pseudomonadati|p__Pseudomonadota|c__Gammaproteobacteria|o__Enterobacterales|f__Enterobacteriaceae|x__Klebsiella/Raoultella_group|g__Klebsiella|x__Klebsiella_pneumoniae_complex	1	0.0
x__cellular_organisms|x__Bacteria|k__Pseudomonadati|p__Pseudomonadota|c__Gammaproteobacteria|o__Enterobacterales|f__Enterobacteriaceae|x__Klebsiella/Raoultella_group|g__Klebsiella|x__Klebsiella_pneumoniae_complex|s__Klebsiella_pneumoniae	1	0.0
x__cellular_organisms|x__Bacteria|k__Pseudomonadati|p__Pseudomonadota|c__Gammaproteobacteria|o__Pseudomonadales	3	0.0
x__cellular_organisms|x__Bacteria|k__Pseudomonadati|p__Pseudomonadota|c__Gammaproteobacteria|o__Pseudomonadales|f__Pseudomonadaceae	3	0.0
x__cellular_organisms|x__Bacteria|k__Pseudomonadati|p__Pseudomonadota|c__Gammaproteobacteria|o__Pseudomonadales|f__Pseudomonadaceae|g__Pseudomonas	2	0.0
x__cellular_organisms|x__Bacteria|k__Pseudomonadati|p__Pseudomonadota|c__Gammaproteobacteria|o__Pseudomonadales|f__Pseudomonadaceae|g__Pseudomonas|s__Pseudomonas_yamanorum	1	0.0
x__cellular_organisms|x__Bacteria|k__Pseudomonadati|p__Pseudomonadota|c__Gammaproteobacteria|o__Pseudomonadales|f__Pseudomonadaceae|g__Aquipseudomonas	1	0.0
x__cellular_organisms|x__Bacteria|k__Pseudomonadati|p__Pseudomonadota|c__Gammaproteobacteria|o__Pseudomonadales|f__Pseudomonadaceae|g__Aquipseudomonas|s__Aquipseudomonas_alcaligenes	1	0.0
x__cellular_organisms|x__Bacteria|k__Pseudomonadati|p__Pseudomonadota|c__Gammaproteobacteria|o__Orbales	3	0.0
x__cellular_organisms|x__Bacteria|k__Pseudomonadati|p__Pseudomonadota|c__Gammaproteobacteria|o__Orbales|f__Orbaceae	3	0.0
x__cellular_organisms|x__Bacteria|k__Pseudomonadati|p__Pseudomonadota|c__Gammaproteobacteria|o__Orbales|f__Orbaceae|g__Gilliamella	3	0.0
x__cellular_organisms|x__Bacteria|k__Pseudomonadati|p__Pseudomonadota|c__Gammaproteobacteria|o__Orbales|f__Orbaceae|g__Gilliamella|x__unclassified_Gilliamella	3	0.0
x__cellular_organisms|x__Bacteria|k__Pseudomonadati|p__Pseudomonadota|c__Gammaproteobacteria|o__Orbales|f__Orbaceae|g__Gilliamella|x__unclassified_Gilliamella|s__Gilliamella_sp._B3022	3	0.0
x__cellular_organisms|x__Bacteria|k__Pseudomonadati|p__Pseudomonadota|c__Gammaproteobacteria|o__Moraxellales	2	0.0
x__cellular_organisms|x__Bacteria|k__Pseudomonadati|p__Pseudomonadota|c__Gammaproteobacteria|o__Moraxellales|f__Moraxellaceae	2	0.0
x__cellular_organisms|x__Bacteria|k__Pseudomonadati|p__Pseudomonadota|c__Gammaproteobacteria|o__Moraxellales|f__Moraxellaceae|g__Acinetobacter	1	0.0
x__cellular_organisms|x__Bacteria|k__Pseudomonadati|p__Pseudomonadota|c__Gammaproteobacteria|o__Moraxellales|f__Moraxellaceae|g__Psychrobacter	1	0.0
x__cellular_organisms|x__Bacteria|k__Pseudomonadati|p__Pseudomonadota|c__Gammaproteobacteria|o__Vibrionales	1	0.0
x__cellular_organisms|x__Bacteria|k__Pseudomonadati|p__Pseudomonadota|c__Gammaproteobacteria|o__Vibrionales|f__Vibrionaceae	1	0.0
x__cellular_organisms|x__Bacteria|k__Pseudomonadati|p__Pseudomonadota|c__Gammaproteobacteria|o__Vibrionales|f__Vibrionaceae|g__Vibrio	1	0.0
x__cellular_organisms|x__Bacteria|k__Pseudomonadati|p__Pseudomonadota|c__Gammaproteobacteria|o__Vibrionales|f__Vibrionaceae|g__Vibrio|x__Vibrio_harveyi_group	1	0.0
x__cellular_organisms|x__Bacteria|k__Pseudomonadati|p__Pseudomonadota|c__Gammaproteobacteria|o__Vibrionales|f__Vibrionaceae|g__Vibrio|x__Vibrio_harveyi_group|s__Vibrio_parahaemolyticus	1	0.0
x__cellular_organisms|x__Bacteria|k__Pseudomonadati|p__Pseudomonadota|c__Alphaproteobacteria	1	0.0
x__cellular_organisms|x__Bacteria|k__Pseudomonadati|p__Pseudomonadota|c__Alphaproteobacteria|o__Hyphomicrobiales	1	0.0
x__cellular_organisms|x__Bacteria|k__Pseudomonadati|p__Pseudomonadota|c__Alphaproteobacteria|o__Hyphomicrobiales|f__Ahrensiaceae	1	0.0
x__cellular_organisms|x__Bacteria|k__Pseudomonadati|p__Pseudomonadota|c__Alphaproteobacteria|o__Hyphomicrobiales|f__Ahrensiaceae|g__Roseitalea	1	0.0
x__cellular_organisms|x__Bacteria|k__Pseudomonadati|p__Pseudomonadota|c__Alphaproteobacteria|o__Hyphomicrobiales|f__Ahrensiaceae|g__Roseitalea|s__Roseitalea_porphyridii	1	0.0
x__cellular_organisms|x__Bacteria|k__Pseudomonadati|x__FCB_group	6	0.0
x__cellular_organisms|x__Bacteria|k__Pseudomonadati|x__FCB_group|x__Bacteroidota/Chlorobiota_group	6	0.0
x__cellular_organisms|x__Bacteria|k__Pseudomonadati|x__FCB_group|x__Bacteroidota/Chlorobiota_group|p__Bacteroidota	6	0.0
x__cellular_organisms|x__Bacteria|k__Pseudomonadati|x__FCB_group|x__Bacteroidota/Chlorobiota_group|p__Bacteroidota|c__Flavobacteriia	3	0.0
x__cellular_organisms|x__Bacteria|k__Pseudomonadati|x__FCB_group|x__Bacteroidota/Chlorobiota_group|p__Bacteroidota|c__Flavobacteriia|o__Flavobacteriales	3	0.0
x__cellular_organisms|x__Bacteria|k__Pseudomonadati|x__FCB_group|x__Bacteroidota/Chlorobiota_group|p__Bacteroidota|c__Flavobacteriia|o__Flavobacteriales|f__Flavobacteriaceae	1	0.0
x__cellular_organisms|x__Bacteria|k__Pseudomonadati|x__FCB_group|x__Bacteroidota/Chlorobiota_group|p__Bacteroidota|c__Flavobacteriia|o__Flavobacteriales|f__Flavobacteriaceae|g__Pseudalgibacter	1	0.0
x__cellular_organisms|x__Bacteria|k__Pseudomonadati|x__FCB_group|x__Bacteroidota/Chlorobiota_group|p__Bacteroidota|c__Flavobacteriia|o__Flavobacteriales|f__Flavobacteriaceae|g__Pseudalgibacter|s__Pseudalgibacter_alginicilyticus	1	0.0
x__cellular_organisms|x__Bacteria|k__Pseudomonadati|x__FCB_group|x__Bacteroidota/Chlorobiota_group|p__Bacteroidota|c__Flavobacteriia|o__Flavobacteriales|x__Flavobacteriales_incertae_sedis	1	0.0
x__cellular_organisms|x__Bacteria|k__Pseudomonadati|x__FCB_group|x__Bacteroidota/Chlorobiota_group|p__Bacteroidota|c__Flavobacteriia|o__Flavobacteriales|x__Flavobacteriales_incertae_sedis|g__Candidatus_Karelsulcia	1	0.0
x__cellular_organisms|x__Bacteria|k__Pseudomonadati|x__FCB_group|x__Bacteroidota/Chlorobiota_group|p__Bacteroidota|c__Flavobacteriia|o__Flavobacteriales|x__Flavobacteriales_incertae_sedis|g__Candidatus_Karelsulcia|s__Candidatus_Karelsulcia_muelleri	1	0.0
x__cellular_organisms|x__Bacteria|k__Pseudomonadati|x__FCB_group|x__Bacteroidota/Chlorobiota_group|p__Bacteroidota|c__Flavobacteriia|o__Flavobacteriales|f__Weeksellaceae	1	0.0
x__cellular_organisms|x__Bacteria|k__Pseudomonadati|x__FCB_group|x__Bacteroidota/Chlorobiota_group|p__Bacteroidota|c__Flavobacteriia|o__Flavobacteriales|f__Weeksellaceae|g__Elizabethkingia	1	0.0
x__cellular_organisms|x__Bacteria|k__Pseudomonadati|x__FCB_group|x__Bacteroidota/Chlorobiota_group|p__Bacteroidota|c__Flavobacteriia|o__Flavobacteriales|f__Weeksellaceae|g__Elizabethkingia|s__Elizabethkingia_bruuniana	1	0.0
x__cellular_organisms|x__Bacteria|k__Pseudomonadati|x__FCB_group|x__Bacteroidota/Chlorobiota_group|p__Bacteroidota|c__Cytophagia	3	0.0
x__cellular_organisms|x__Bacteria|k__Pseudomonadati|x__FCB_group|x__Bacteroidota/Chlorobiota_group|p__Bacteroidota|c__Cytophagia|o__Cytophagales	3	0.0
x__cellular_organisms|x__Bacteria|k__Pseudomonadati|x__FCB_group|x__Bacteroidota/Chlorobiota_group|p__Bacteroidota|c__Cytophagia|o__Cytophagales|f__Cyclobacteriaceae	1	0.0
x__cellular_organisms|x__Bacteria|k__Pseudomonadati|x__FCB_group|x__Bacteroidota/Chlorobiota_group|p__Bacteroidota|c__Cytophagia|o__Cytophagales|f__Cyclobacteriaceae|g__Algoriphagus	1	0.0
x__cellular_organisms|x__Bacteria|k__Pseudomonadati|x__FCB_group|x__Bacteroidota/Chlorobiota_group|p__Bacteroidota|c__Cytophagia|o__Cytophagales|f__Cyclobacteriaceae|g__Algoriphagus|x__unclassified_Algoriphagus	1	0.0
x__cellular_organisms|x__Bacteria|k__Pseudomonadati|x__FCB_group|x__Bacteroidota/Chlorobiota_group|p__Bacteroidota|c__Cytophagia|o__Cytophagales|f__Cyclobacteriaceae|g__Algoriphagus|x__unclassified_Algoriphagus|s__Algoriphagus_sp._NBT04N3	1	0.0
x__cellular_organisms|x__Bacteria|k__Pseudomonadati|x__FCB_group|x__Bacteroidota/Chlorobiota_group|p__Bacteroidota|c__Cytophagia|o__Cytophagales|f__Hymenobacteraceae	1	0.0
x__cellular_organisms|x__Bacteria|k__Pseudomonadati|x__PVC_group	2	0.0
x__cellular_organisms|x__Bacteria|k__Pseudomonadati|x__PVC_group|p__Planctomycetota	2	0.0
x__cellular_organisms|x__Bacteria|k__Pseudomonadati|x__PVC_group|p__Planctomycetota|c__Planctomycetia	2	0.0
x__cellular_organisms|x__Bacteria|k__Pseudomonadati|x__PVC_group|p__Planctomycetota|c__Planctomycetia|x__Planctomycetia_incertae_sedis	1	0.0
x__cellular_organisms|x__Bacteria|k__Pseudomonadati|p__Spirochaetota	2	0.0
x__cellular_organisms|x__Bacteria|k__Pseudomonadati|p__Spirochaetota|c__Spirochaetia	2	0.0
x__cellular_organisms|x__Bacteria|k__Pseudomonadati|p__Spirochaetota|c__Spirochaetia|o__Spirochaetales	2	0.0
x__cellular_organisms|x__Bacteria|k__Pseudomonadati|p__Spirochaetota|c__Spirochaetia|o__Spirochaetales|f__Sphaerochaetaceae	2	0.0
x__cellular_organisms|x__Bacteria|k__Pseudomonadati|p__Spirochaetota|c__Spirochaetia|o__Spirochaetales|f__Sphaerochaetaceae|g__Sphaerochaeta	2	0.0
x__cellular_organisms|x__Bacteria|k__Pseudomonadati|p__Aquificota	1	0.0
x__cellular_organisms|x__Bacteria|k__Pseudomonadati|p__Aquificota|c__Aquificia	1	0.0
x__cellular_organisms|x__Bacteria|k__Pseudomonadati|p__Aquificota|c__Aquificia|o__Aquificales	1	0.0
x__cellular_organisms|x__Bacteria|k__Pseudomonadati|p__Aquificota|c__Aquificia|o__Aquificales|f__Hydrogenothermaceae	1	0.0
x__cellular_organisms|x__Bacteria|k__Pseudomonadati|p__Aquificota|c__Aquificia|o__Aquificales|f__Hydrogenothermaceae|g__Persephonella	1	0.0
x__cellular_organisms|x__Bacteria|k__Pseudomonadati|p__Aquificota|c__Aquificia|o__Aquificales|f__Hydrogenothermaceae|g__Persephonella|s__Persephonella_marina	1	0.0
x__cellular_organisms|x__Bacteria|k__Pseudomonadati|p__Aquificota|c__Aquificia|o__Aquificales|f__Hydrogenothermaceae|g__Persephonella|s__Persephonella_marina|x__Persephonella_marina_EX-H1	1	0.0
x__cellular_organisms|x__Bacteria|k__Fusobacteriati	1	0.0
x__cellular_organisms|x__Bacteria|k__Fusobacteriati|p__Fusobacteriota	1	0.0
x__cellular_organisms|x__Bacteria|k__Fusobacteriati|p__Fusobacteriota|c__Fusobacteriia	1	0.0
x__cellular_organisms|x__Bacteria|k__Fusobacteriati|p__Fusobacteriota|c__Fusobacteriia|o__Fusobacteriales	1	0.0
x__cellular_organisms|x__Bacteria|k__Fusobacteriati|p__Fusobacteriota|c__Fusobacteriia|o__Fusobacteriales|f__Fusobacteriaceae	1	0.0
x__cellular_organisms|x__Bacteria|k__Thermotogati	1	0.0
x__cellular_organisms|x__Bacteria|k__Thermotogati|p__Thermotogota	1	0.0
x__cellular_organisms|x__Bacteria|k__Thermotogati|p__Thermotogota|c__Thermotogae	1	0.0
x__cellular_organisms|x__Bacteria|k__Thermotogati|p__Thermotogota|c__Thermotogae|o__Thermotogales	1	0.0
x__cellular_organisms|x__Bacteria|k__Thermotogati|p__Thermotogota|c__Thermotogae|o__Thermotogales|f__Fervidobacteriaceae	1	0.0
x__cellular_organisms|x__Bacteria|k__Thermotogati|p__Thermotogota|c__Thermotogae|o__Thermotogales|f__Fervidobacteriaceae|g__Thermosipho	1	0.0
x__cellular_organisms|x__Bacteria|k__Thermotogati|p__Thermotogota|c__Thermotogae|o__Thermotogales|f__Fervidobacteriaceae|g__Thermosipho|x__unclassified_Thermosipho_(in:_thermotogales)	1	0.0
x__cellular_organisms|x__Eukaryota	5	0.0
x__cellular_organisms|x__Eukaryota|x__Opisthokonta	5	0.0
x__cellular_organisms|x__Eukaryota|x__Opisthokonta|k__Metazoa	5	0.0
x__cellular_organisms|x__Eukaryota|x__Opisthokonta|k__Metazoa|x__Eumetazoa	5	0.0
x__cellular_organisms|x__Eukaryota|x__Opisthokonta|k__Metazoa|x__Eumetazoa|x__Bilateria	5	0.0
x__cellular_organisms|x__Eukaryota|x__Opisthokonta|k__Metazoa|x__Eumetazoa|x__Bilateria|x__Deuterostomia	5	0.0
x__cellular_organisms|x__Eukaryota|x__Opisthokonta|k__Metazoa|x__Eumetazoa|x__Bilateria|x__Deuterostomia|p__Chordata	5	0.0
x__cellular_organisms|x__Eukaryota|x__Opisthokonta|k__Metazoa|x__Eumetazoa|x__Bilateria|x__Deuterostomia|p__Chordata|x__Craniata	5	0.0
x__cellular_organisms|x__Eukaryota|x__Opisthokonta|k__Metazoa|x__Eumetazoa|x__Bilateria|x__Deuterostomia|p__Chordata|x__Craniata|x__Vertebrata	5	0.0
x__cellular_organisms|x__Eukaryota|x__Opisthokonta|k__Metazoa|x__Eumetazoa|x__Bilateria|x__Deuterostomia|p__Chordata|x__Craniata|x__Vertebrata|x__Gnathostomata	5	0.0
x__cellular_organisms|x__Eukaryota|x__Opisthokonta|k__Metazoa|x__Eumetazoa|x__Bilateria|x__Deuterostomia|p__Chordata|x__Craniata|x__Vertebrata|x__Gnathostomata|x__Teleostomi	5	0.0
x__cellular_organisms|x__Eukaryota|x__Opisthokonta|k__Metazoa|x__Eumetazoa|x__Bilateria|x__Deuterostomia|p__Chordata|x__Craniata|x__Vertebrata|x__Gnathostomata|x__Teleostomi|x__Euteleostomi	5	0.0
x__cellular_organisms|x__Eukaryota|x__Opisthokonta|k__Metazoa|x__Eumetazoa|x__Bilateria|x__Deuterostomia|p__Chordata|x__Craniata|x__Vertebrata|x__Gnathostomata|x__Teleostomi|x__Euteleostomi|x__Sarcopterygii	5	0.0
x__cellular_organisms|x__Eukaryota|x__Opisthokonta|k__Metazoa|x__Eumetazoa|x__Bilateria|x__Deuterostomia|p__Chordata|x__Craniata|x__Vertebrata|x__Gnathostomata|x__Teleostomi|x__Euteleostomi|x__Sarcopterygii|x__Dipnotetrapodomorpha	5	0.0
x__cellular_organisms|x__Eukaryota|x__Opisthokonta|k__Metazoa|x__Eumetazoa|x__Bilateria|x__Deuterostomia|p__Chordata|x__Craniata|x__Vertebrata|x__Gnathostomata|x__Teleostomi|x__Euteleostomi|x__Sarcopterygii|x__Dipnotetrapodomorpha|x__Tetrapoda	5	0.0
x__cellular_organisms|x__Eukaryota|x__Opisthokonta|k__Metazoa|x__Eumetazoa|x__Bilateria|x__Deuterostomia|p__Chordata|x__Craniata|x__Vertebrata|x__Gnathostomata|x__Teleostomi|x__Euteleostomi|x__Sarcopterygii|x__Dipnotetrapodomorpha|x__Tetrapoda|x__Amniota	5	0.0
x__cellular_organisms|x__Eukaryota|x__Opisthokonta|k__Metazoa|x__Eumetazoa|x__Bilateria|x__Deuterostomia|p__Chordata|x__Craniata|x__Vertebrata|x__Gnathostomata|x__Teleostomi|x__Euteleostomi|x__Sarcopterygii|x__Dipnotetrapodomorpha|x__Tetrapoda|x__Amniota|c__Mammalia	5	0.0
x__cellular_organisms|x__Eukaryota|x__Opisthokonta|k__Metazoa|x__Eumetazoa|x__Bilateria|x__Deuterostomia|p__Chordata|x__Craniata|x__Vertebrata|x__Gnathostomata|x__Teleostomi|x__Euteleostomi|x__Sarcopterygii|x__Dipnotetrapodomorpha|x__Tetrapoda|x__Amniota|c__Mammalia|x__Theria	5	0.0
x__cellular_organisms|x__Eukaryota|x__Opisthokonta|k__Metazoa|x__Eumetazoa|x__Bilateria|x__Deuterostomia|p__Chordata|x__Craniata|x__Vertebrata|x__Gnathostomata|x__Teleostomi|x__Euteleostomi|x__Sarcopterygii|x__Dipnotetrapodomorpha|x__Tetrapoda|x__Amniota|c__Mammalia|x__Theria|x__Eutheria	5	0.0
x__cellular_organisms|x__Eukaryota|x__Opisthokonta|k__Metazoa|x__Eumetazoa|x__Bilateria|x__Deuterostomia|p__Chordata|x__Craniata|x__Vertebrata|x__Gnathostomata|x__Teleostomi|x__Euteleostomi|x__Sarcopterygii|x__Dipnotetrapodomorpha|x__Tetrapoda|x__Amniota|c__Mammalia|x__Theria|x__Eutheria|x__Boreoeutheria	5	0.0
x__cellular_organisms|x__Eukaryota|x__Opisthokonta|k__Metazoa|x__Eumetazoa|x__Bilateria|x__Deuterostomia|p__Chordata|x__Craniata|x__Vertebrata|x__Gnathostomata|x__Teleostomi|x__Euteleostomi|x__Sarcopterygii|x__Dipnotetrapodomorpha|x__Tetrapoda|x__Amniota|c__Mammalia|x__Theria|x__Eutheria|x__Boreoeutheria|x__Euarchontoglires	5	0.0
x__cellular_organisms|x__Eukaryota|x__Opisthokonta|k__Metazoa|x__Eumetazoa|x__Bilateria|x__Deuterostomia|p__Chordata|x__Craniata|x__Vertebrata|x__Gnathostomata|x__Teleostomi|x__Euteleostomi|x__Sarcopterygii|x__Dipnotetrapodomorpha|x__Tetrapoda|x__Amniota|c__Mammalia|x__Theria|x__Eutheria|x__Boreoeutheria|x__Euarchontoglires|o__Primates	5	0.0
x__cellular_organisms|x__Eukaryota|x__Opisthokonta|k__Metazoa|x__Eumetazoa|x__Bilateria|x__Deuterostomia|p__Chordata|x__Craniata|x__Vertebrata|x__Gnathostomata|x__Teleostomi|x__Euteleostomi|x__Sarcopterygii|x__Dipnotetrapodomorpha|x__Tetrapoda|x__Amniota|c__Mammalia|x__Theria|x__Eutheria|x__Boreoeutheria|x__Euarchontoglires|o__Primates|x__Haplorrhini	5	0.0
x__cellular_organisms|x__Eukaryota|x__Opisthokonta|k__Metazoa|x__Eumetazoa|x__Bilateria|x__Deuterostomia|p__Chordata|x__Craniata|x__Vertebrata|x__Gnathostomata|x__Teleostomi|x__Euteleostomi|x__Sarcopterygii|x__Dipnotetrapodomorpha|x__Tetrapoda|x__Amniota|c__Mammalia|x__Theria|x__Eutheria|x__Boreoeutheria|x__Euarchontoglires|o__Primates|x__Haplorrhini|x__Simiiformes	5	0.0
x__cellular_organisms|x__Eukaryota|x__Opisthokonta|k__Metazoa|x__Eumetazoa|x__Bilateria|x__Deuterostomia|p__Chordata|x__Craniata|x__Vertebrata|x__Gnathostomata|x__Teleostomi|x__Euteleostomi|x__Sarcopterygii|x__Dipnotetrapodomorpha|x__Tetrapoda|x__Amniota|c__Mammalia|x__Theria|x__Eutheria|x__Boreoeutheria|x__Euarchontoglires|o__Primates|x__Haplorrhini|x__Simiiformes|x__Catarrhini	5	0.0
x__cellular_organisms|x__Eukaryota|x__Opisthokonta|k__Metazoa|x__Eumetazoa|x__Bilateria|x__Deuterostomia|p__Chordata|x__Craniata|x__Vertebrata|x__Gnathostomata|x__Teleostomi|x__Euteleostomi|x__Sarcopterygii|x__Dipnotetrapodomorpha|x__Tetrapoda|x__Amniota|c__Mammalia|x__Theria|x__Eutheria|x__Boreoeutheria|x__Euarchontoglires|o__Primates|x__Haplorrhini|x__Simiiformes|x__Catarrhini|x__Hominoidea	5	0.0
x__cellular_organisms|x__Eukaryota|x__Opisthokonta|k__Metazoa|x__Eumetazoa|x__Bilateria|x__Deuterostomia|p__Chordata|x__Craniata|x__Vertebrata|x__Gnathostomata|x__Teleostomi|x__Euteleostomi|x__Sarcopterygii|x__Dipnotetrapodomorpha|x__Tetrapoda|x__Amniota|c__Mammalia|x__Theria|x__Eutheria|x__Boreoeutheria|x__Euarchontoglires|o__Primates|x__Haplorrhini|x__Simiiformes|x__Catarrhini|x__Hominoidea|f__Hominidae	5	0.0
x__cellular_organisms|x__Eukaryota|x__Opisthokonta|k__Metazoa|x__Eumetazoa|x__Bilateria|x__Deuterostomia|p__Chordata|x__Craniata|x__Vertebrata|x__Gnathostomata|x__Teleostomi|x__Euteleostomi|x__Sarcopterygii|x__Dipnotetrapodomorpha|x__Tetrapoda|x__Amniota|c__Mammalia|x__Theria|x__Eutheria|x__Boreoeutheria|x__Euarchontoglires|o__Primates|x__Haplorrhini|x__Simiiformes|x__Catarrhini|x__Hominoidea|f__Hominidae|x__Homininae	5	0.0
x__cellular_organisms|x__Eukaryota|x__Opisthokonta|k__Metazoa|x__Eumetazoa|x__Bilateria|x__Deuterostomia|p__Chordata|x__Craniata|x__Vertebrata|x__Gnathostomata|x__Teleostomi|x__Euteleostomi|x__Sarcopterygii|x__Dipnotetrapodomorpha|x__Tetrapoda|x__Amniota|c__Mammalia|x__Theria|x__Eutheria|x__Boreoeutheria|x__Euarchontoglires|o__Primates|x__Haplorrhini|x__Simiiformes|x__Catarrhini|x__Hominoidea|f__Hominidae|x__Homininae|g__Homo	5	0.0
x__cellular_organisms|x__Eukaryota|x__Opisthokonta|k__Metazoa|x__Eumetazoa|x__Bilateria|x__Deuterostomia|p__Chordata|x__Craniata|x__Vertebrata|x__Gnathostomata|x__Teleostomi|x__Euteleostomi|x__Sarcopterygii|x__Dipnotetrapodomorpha|x__Tetrapoda|x__Amniota|c__Mammalia|x__Theria|x__Eutheria|x__Boreoeutheria|x__Euarchontoglires|o__Primates|x__Haplorrhini|x__Simiiformes|x__Catarrhini|x__Hominoidea|f__Hominidae|x__Homininae|g__Homo|s__Homo_sapiens	5	0.0
